code,country_en,country_cn,year,JR,entry_exit,capvol,mafdi,cwtfp,tfp_gr,lp_gr,bp_disp,scc,hitech,PMR,EPL,INSOLV,FDI,EFW,gdp_pc
ARG,Argentina,阿根廷,2000,20.95,10.35,10.28,1.57,0.7074,-1.39,-0.56,0.8419,-0.016,0.0914,1.77,2.95,0.495,0.515,6.04,5204.0
ARG,Argentina,阿根廷,2001,20.9,10.34,10.42,2.11,0.7041,-1.25,-0.83,0.8341,-0.14,0.0811,1.79,2.96,0.49,0.51,5.99,5452.0
ARG,Argentina,阿根廷,2002,20.85,9.96,10.54,0.81,0.7009,-1.3,-1.2,0.8456,-0.078,0.082,1.81,2.96,0.485,0.505,5.94,5699.0
ARG,Argentina,阿根廷,2003,20.8,10.2,9.84,2.07,0.6977,-1.21,-0.75,0.8567,0.018,0.086,1.83,2.97,0.48,0.5,5.89,5947.0
ARG,Argentina,阿根廷,2004,20.75,10.56,10.0,0.64,0.6944,-1.35,-0.93,0.8507,-0.154,0.0774,1.85,2.97,0.475,0.495,5.84,6195.0
ARG,Argentina,阿根廷,2005,20.7,10.74,9.91,1.6,0.6912,-1.3,-1.08,0.7973,0.1,0.0791,1.87,2.98,0.47,0.49,5.79,6443.0
ARG,Argentina,阿根廷,2006,20.65,10.75,10.05,1.67,0.688,-1.41,-0.83,0.8297,0.051,0.0717,1.89,2.98,0.465,0.485,5.74,6691.0
ARG,Argentina,阿根廷,2007,20.6,10.63,10.1,1.22,0.6848,-1.46,-0.6,0.8384,-0.054,0.0847,1.91,2.99,0.46,0.48,5.69,6938.0
ARG,Argentina,阿根廷,2008,20.55,10.87,10.86,1.06,0.6815,-0.91,-0.65,0.7773,-0.008,0.0899,1.93,2.99,0.455,0.475,5.64,7186.0
ARG,Argentina,阿根廷,2009,20.5,10.04,10.25,0.82,0.6783,-0.98,-1.06,0.8036,0.144,0.08,1.95,3.0,0.45,0.47,5.59,7434.0
ARG,Argentina,阿根廷,2010,20.45,10.1,9.71,2.4,0.6751,-0.84,-0.8,0.8013,0.147,0.0939,1.97,3.0,0.445,0.465,5.54,7682.0
ARG,Argentina,阿根廷,2011,20.4,10.11,9.13,1.99,0.6718,-0.69,-0.71,0.7895,0.077,0.093,1.99,3.01,0.44,0.46,5.49,7930.0
ARG,Argentina,阿根廷,2012,20.35,9.87,9.72,1.4,0.6686,-1.0,-0.66,0.8324,-0.115,0.1012,2.01,3.01,0.435,0.455,5.44,8177.0
ARG,Argentina,阿根廷,2013,20.3,9.94,10.34,1.37,0.6654,-0.94,-0.73,0.8038,-0.072,0.0887,2.03,3.02,0.43,0.45,5.39,8425.0
ARG,Argentina,阿根廷,2014,20.25,10.1,9.13,2.06,0.6622,-1.06,-0.96,0.7959,-0.053,0.1023,2.05,3.02,0.425,0.445,5.34,8673.0
ARG,Argentina,阿根廷,2015,20.2,9.69,10.12,1.62,0.6589,-0.79,-1.04,0.7567,0.1,0.0973,2.07,3.03,0.42,0.44,5.29,8921.0
ARG,Argentina,阿根廷,2016,20.15,9.95,9.69,1.42,0.6557,-1.0,-1.04,0.7997,0.21,0.0898,2.09,3.03,0.415,0.435,5.24,9169.0
ARG,Argentina,阿根廷,2017,20.1,9.72,9.6,0.85,0.6525,-0.98,-0.95,0.801,0.078,0.1011,2.11,3.04,0.41,0.43,5.19,9416.0
ARG,Argentina,阿根廷,2018,20.05,10.24,9.16,0.53,0.6492,-0.87,-0.83,0.787,0.033,0.1055,2.13,3.04,0.405,0.425,5.14,9664.0
ARG,Argentina,阿根廷,2019,20.0,10.29,9.61,1.99,0.646,-0.72,-0.85,0.7726,-0.073,0.0949,2.15,3.05,0.4,0.42,5.09,9912.0
ARG,Argentina,阿根廷,2020,24.95,12.26,10.54,1.91,0.6299,-3.94,-2.67,0.777,0.04,0.1114,2.17,3.06,0.395,0.415,5.04,9804.0
ARG,Argentina,阿根廷,2021,17.9,8.58,10.19,1.36,0.6395,-1.15,0.18,0.7654,-0.039,0.1051,2.19,3.06,0.39,0.41,4.99,10408.0
ARG,Argentina,阿根廷,2022,19.85,10.29,9.76,1.09,0.6363,-1.0,-0.76,0.7617,0.149,0.1005,2.21,3.06,0.385,0.405,4.94,10655.0
ARG,Argentina,阿根廷,2023,19.8,10.04,9.97,1.11,0.6331,-1.11,-0.58,0.7253,0.064,0.0823,2.23,3.07,0.38,0.4,4.89,10903.0
AUS,Australia,澳大利亚,2000,26.0,13.86,3.72,5.06,0.8185,0.53,1.16,0.3994,0.078,0.1102,1.43,1.66,0.752,0.733,8.12,28751.0
AUS,Australia,澳大利亚,2001,26.0,12.61,4.1,4.99,0.8211,0.47,1.1,0.4222,0.127,0.1151,1.42,1.66,0.754,0.736,8.12,30120.0
AUS,Australia,澳大利亚,2002,26.0,12.56,3.11,4.79,0.8237,0.87,1.24,0.4424,0.022,0.1232,1.42,1.66,0.756,0.739,8.12,31489.0
AUS,Australia,澳大利亚,2003,26.0,13.25,3.15,3.54,0.8263,0.62,0.87,0.4331,0.109,0.1242,1.41,1.67,0.758,0.742,8.11,32858.0
AUS,Australia,澳大利亚,2004,26.0,13.02,4.62,3.48,0.8289,0.58,1.14,0.4431,0.186,0.1163,1.4,1.68,0.76,0.745,8.1,34227.0
AUS,Australia,澳大利亚,2005,26.0,12.73,4.1,5.44,0.8315,0.88,1.35,0.4261,0.028,0.128,1.39,1.68,0.762,0.748,8.1,35596.0
AUS,Australia,澳大利亚,2006,26.0,13.34,2.92,5.11,0.8341,0.46,1.01,0.4335,0.177,0.1282,1.38,1.68,0.764,0.751,8.09,36965.0
AUS,Australia,澳大利亚,2007,26.0,13.37,3.67,3.08,0.8368,0.51,1.31,0.4006,-0.032,0.1329,1.38,1.69,0.766,0.754,8.09,38334.0
AUS,Australia,澳大利亚,2008,26.0,13.17,3.45,4.73,0.8394,0.7,1.33,0.3991,0.191,0.1276,1.37,1.7,0.768,0.757,8.08,39703.0
AUS,Australia,澳大利亚,2009,26.0,13.34,3.39,4.56,0.842,0.2,1.43,0.3997,0.134,0.1283,1.36,1.7,0.77,0.76,8.08,41072.0
AUS,Australia,澳大利亚,2010,26.0,13.71,3.79,4.37,0.8446,0.3,1.53,0.4251,0.106,0.1283,1.35,1.7,0.772,0.763,8.07,42441.0
AUS,Australia,澳大利亚,2011,26.0,13.87,3.26,4.65,0.8472,0.29,0.98,0.3962,0.154,0.1257,1.34,1.71,0.774,0.766,8.07,43810.0
AUS,Australia,澳大利亚,2012,26.0,12.28,3.56,5.14,0.8498,0.52,0.92,0.4269,0.172,0.1259,1.34,1.72,0.776,0.769,8.06,45179.0
AUS,Australia,澳大利亚,2013,26.0,14.02,4.64,5.18,0.8524,0.41,1.35,0.3994,0.431,0.1357,1.33,1.72,0.778,0.772,8.06,46549.0
AUS,Australia,澳大利亚,2014,26.0,12.97,2.73,4.22,0.855,0.5,1.48,0.4058,0.236,0.1381,1.32,1.72,0.78,0.775,8.06,47918.0
AUS,Australia,澳大利亚,2015,26.0,12.73,3.07,4.1,0.8576,0.46,1.39,0.3736,0.224,0.1296,1.31,1.73,0.782,0.778,8.05,49287.0
AUS,Australia,澳大利亚,2016,26.0,12.89,4.12,4.55,0.8602,0.26,1.14,0.431,0.331,0.1491,1.3,1.74,0.784,0.781,8.04,50656.0
AUS,Australia,澳大利亚,2017,26.0,12.19,4.11,3.74,0.8628,0.54,1.63,0.3761,0.02,0.1362,1.3,1.74,0.786,0.784,8.04,52025.0
AUS,Australia,澳大利亚,2018,26.0,12.53,3.61,4.86,0.8654,0.46,1.1,0.4223,0.138,0.1432,1.29,1.74,0.788,0.787,8.04,53394.0
AUS,Australia,澳大利亚,2019,26.0,12.96,4.79,4.5,0.868,0.25,1.34,0.3907,0.326,0.1327,1.28,1.75,0.79,0.79,8.03,54763.0
AUS,Australia,澳大利亚,2020,31.0,14.97,3.33,4.26,0.8532,-2.51,-0.66,0.4085,0.446,0.1347,1.27,1.76,0.792,0.793,8.02,54167.0
AUS,Australia,澳大利亚,2021,24.0,12.16,3.02,4.22,0.8732,0.56,2.01,0.3884,0.271,0.1376,1.26,1.76,0.794,0.796,8.02,57501.0
AUS,Australia,澳大利亚,2022,26.0,11.81,3.59,5.12,0.8758,0.44,1.21,0.4065,0.222,0.1523,1.26,1.76,0.796,0.799,8.01,58870.0
AUS,Australia,澳大利亚,2023,26.0,13.56,3.49,5.02,0.8784,0.57,1.36,0.3819,0.255,0.147,1.25,1.77,0.798,0.802,8.01,60239.0
BRA,Brazil,巴西,2000,21.05,10.34,5.59,4.0,0.4789,0.18,0.61,0.7856,0.067,0.0681,2.14,2.85,0.355,0.555,6.76,4576.0
BRA,Brazil,巴西,2001,21.1,10.87,6.37,4.37,0.4785,0.27,0.41,0.8213,0.22,0.0811,2.14,2.85,0.36,0.56,6.75,4794.0
BRA,Brazil,巴西,2002,21.15,10.03,5.62,4.97,0.478,0.26,0.62,0.8021,0.437,0.0763,2.13,2.85,0.365,0.565,6.74,5012.0
BRA,Brazil,巴西,2003,21.2,11.04,5.56,4.36,0.4775,0.07,0.46,0.8027,0.18,0.054,2.13,2.85,0.37,0.57,6.73,5230.0
BRA,Brazil,巴西,2004,21.25,11.09,5.64,3.01,0.477,0.14,0.58,0.8159,0.318,0.0755,2.12,2.85,0.375,0.575,6.72,5448.0
BRA,Brazil,巴西,2005,21.3,10.71,6.02,2.93,0.4766,0.35,0.41,0.7627,0.172,0.0772,2.12,2.85,0.38,0.58,6.71,5666.0
BRA,Brazil,巴西,2006,21.35,11.26,6.28,3.37,0.4761,-0.26,0.23,0.8285,0.317,0.0671,2.11,2.85,0.385,0.585,6.7,5884.0
BRA,Brazil,巴西,2007,21.4,10.68,6.28,3.92,0.4756,0.5,0.64,0.796,0.316,0.0703,2.11,2.85,0.39,0.59,6.69,6102.0
BRA,Brazil,巴西,2008,21.45,11.8,6.24,3.59,0.4752,0.38,0.67,0.8092,0.359,0.0753,2.1,2.85,0.395,0.595,6.68,6320.0
BRA,Brazil,巴西,2009,21.5,10.84,6.22,4.06,0.4747,-0.0,0.64,0.7698,0.234,0.0668,2.1,2.85,0.4,0.6,6.67,6538.0
BRA,Brazil,巴西,2010,21.55,11.21,6.29,3.37,0.4742,0.19,0.37,0.7524,0.525,0.0775,2.09,2.85,0.405,0.605,6.66,6756.0
BRA,Brazil,巴西,2011,21.6,10.78,6.07,3.63,0.4738,0.16,0.48,0.7858,0.365,0.0713,2.09,2.85,0.41,0.61,6.65,6974.0
BRA,Brazil,巴西,2012,21.65,10.98,6.58,3.64,0.4733,-0.08,0.57,0.7924,0.295,0.0568,2.08,2.85,0.415,0.615,6.64,7192.0
BRA,Brazil,巴西,2013,21.7,10.89,6.27,3.74,0.4728,0.14,0.71,0.7792,0.295,0.0749,2.08,2.85,0.42,0.62,6.63,7409.0
BRA,Brazil,巴西,2014,21.75,10.79,6.1,3.52,0.4723,0.15,0.46,0.7887,0.252,0.0559,2.07,2.85,0.425,0.625,6.62,7627.0
BRA,Brazil,巴西,2015,21.8,11.14,6.27,2.89,0.4719,0.42,0.36,0.7695,0.332,0.0822,2.07,2.85,0.43,0.63,6.61,7845.0
BRA,Brazil,巴西,2016,21.85,10.27,5.64,3.96,0.4714,0.08,0.37,0.7605,0.308,0.0738,2.06,2.85,0.435,0.635,6.6,8063.0
BRA,Brazil,巴西,2017,21.9,10.24,6.24,2.58,0.4709,0.14,0.63,0.7626,0.383,0.0795,2.06,2.85,0.44,0.64,6.59,8281.0
BRA,Brazil,巴西,2018,21.95,10.73,6.44,3.19,0.4705,0.18,0.97,0.752,0.475,0.0733,2.05,2.85,0.445,0.645,6.58,8499.0
BRA,Brazil,巴西,2019,22.0,11.05,6.17,3.67,0.47,0.2,0.43,0.7507,0.292,0.0898,2.05,2.85,0.45,0.65,6.57,8717.0
BRA,Brazil,巴西,2020,27.05,12.6,6.04,3.1,0.4601,-2.66,-1.49,0.7327,0.5,0.0778,2.04,2.85,0.455,0.655,6.56,8622.0
BRA,Brazil,巴西,2021,20.1,10.54,6.24,3.58,0.4691,0.21,1.68,0.7157,0.292,0.0768,2.04,2.85,0.46,0.66,6.55,9153.0
BRA,Brazil,巴西,2022,22.15,11.38,5.86,3.99,0.4686,0.26,0.79,0.722,0.438,0.0695,2.03,2.85,0.465,0.665,6.54,9371.0
BRA,Brazil,巴西,2023,22.2,11.42,6.47,3.3,0.4681,0.39,0.06,0.7604,0.411,0.0884,2.03,2.85,0.47,0.67,6.53,9589.0
CAN,Canada,加拿大,2000,24.57,12.39,3.05,5.53,0.8581,0.62,0.7,0.4378,-0.049,0.1314,1.4,1.42,0.782,0.752,8.07,24271.0
CAN,Canada,加拿大,2001,24.54,12.4,3.08,5.38,0.8599,0.5,1.04,0.3826,-0.057,0.1438,1.39,1.42,0.784,0.754,8.06,25427.0
CAN,Canada,加拿大,2002,24.51,11.62,2.5,5.97,0.8617,0.5,1.35,0.4236,-0.189,0.1225,1.38,1.42,0.786,0.756,8.06,26583.0
CAN,Canada,加拿大,2003,24.48,12.27,3.32,5.87,0.8635,0.56,0.89,0.4135,0.028,0.138,1.38,1.43,0.788,0.758,8.05,27739.0
CAN,Canada,加拿大,2004,24.45,12.85,3.24,5.78,0.8652,0.57,0.78,0.3934,-0.08,0.1451,1.38,1.44,0.79,0.76,8.04,28894.0
CAN,Canada,加拿大,2005,24.42,12.88,3.66,6.25,0.867,0.86,0.81,0.4386,-0.011,0.1358,1.37,1.44,0.792,0.762,8.03,30050.0
CAN,Canada,加拿大,2006,24.39,12.67,2.59,5.2,0.8688,0.31,0.97,0.4255,-0.033,0.15,1.36,1.44,0.794,0.764,8.02,31206.0
CAN,Canada,加拿大,2007,24.36,12.36,3.15,5.5,0.8706,0.36,0.96,0.3823,0.201,0.1291,1.36,1.45,0.796,0.766,8.02,32362.0
CAN,Canada,加拿大,2008,24.33,11.85,3.09,5.62,0.8724,0.35,0.8,0.3755,0.002,0.1484,1.36,1.46,0.798,0.768,8.01,33517.0
CAN,Canada,加拿大,2009,24.3,11.78,2.72,5.78,0.8742,0.52,0.85,0.4143,-0.049,0.1306,1.35,1.46,0.8,0.77,8.0,34673.0
CAN,Canada,加拿大,2010,24.27,11.92,3.06,5.62,0.8759,0.42,1.21,0.387,0.115,0.1366,1.34,1.46,0.802,0.772,7.99,35829.0
CAN,Canada,加拿大,2011,24.24,12.1,3.44,5.37,0.8777,0.51,0.87,0.4174,0.241,0.1357,1.34,1.47,0.804,0.774,7.98,36985.0
CAN,Canada,加拿大,2012,24.21,12.01,2.75,4.86,0.8795,0.42,0.91,0.3589,0.125,0.1469,1.34,1.48,0.806,0.776,7.98,38141.0
CAN,Canada,加拿大,2013,24.18,12.61,2.9,6.03,0.8813,0.37,0.8,0.4201,0.116,0.1325,1.33,1.48,0.808,0.778,7.97,39296.0
CAN,Canada,加拿大,2014,24.15,11.73,3.13,5.8,0.8831,0.33,0.56,0.3925,0.141,0.1588,1.32,1.48,0.81,0.78,7.96,40452.0
CAN,Canada,加拿大,2015,24.12,11.67,3.92,4.75,0.8849,0.2,0.97,0.3853,0.111,0.1528,1.32,1.49,0.812,0.782,7.95,41608.0
CAN,Canada,加拿大,2016,24.09,12.1,3.01,5.42,0.8866,0.11,1.35,0.3896,0.24,0.1533,1.32,1.5,0.814,0.784,7.94,42764.0
CAN,Canada,加拿大,2017,24.06,10.78,3.05,5.98,0.8884,0.41,0.98,0.3932,0.079,0.158,1.31,1.5,0.816,0.786,7.94,43919.0
CAN,Canada,加拿大,2018,24.03,11.59,3.36,4.75,0.8902,0.39,0.79,0.372,0.19,0.1607,1.3,1.5,0.818,0.788,7.93,45075.0
CAN,Canada,加拿大,2019,24.0,10.31,2.97,6.01,0.892,0.54,0.89,0.3902,0.126,0.1545,1.3,1.51,0.82,0.79,7.92,46231.0
CAN,Canada,加拿大,2020,28.97,14.87,2.5,5.45,0.8759,-2.96,-1.29,0.3625,0.163,0.1661,1.3,1.52,0.822,0.792,7.91,45728.0
CAN,Canada,加拿大,2021,21.94,10.64,2.98,5.46,0.8956,0.28,1.94,0.3758,0.176,0.1447,1.29,1.52,0.824,0.794,7.9,48543.0
CAN,Canada,加拿大,2022,23.91,11.31,3.82,5.91,0.8974,0.7,0.93,0.3426,0.182,0.1458,1.28,1.52,0.826,0.796,7.9,49698.0
CAN,Canada,加拿大,2023,23.88,12.08,2.96,4.92,0.8991,0.58,0.72,0.3768,0.106,0.1625,1.28,1.53,0.828,0.798,7.89,50854.0
CHN,China,中国,2000,13.1,6.5,6.63,1.82,0.3204,2.91,6.49,0.925,1.197,0.1393,2.98,3.14,0.29,0.482,5.75,5325.0
CHN,China,中国,2001,13.2,5.95,6.85,2.89,0.3254,2.58,6.3,0.932,1.494,0.1325,2.96,3.14,0.3,0.494,5.77,5579.0
CHN,China,中国,2002,13.3,6.77,5.91,2.18,0.3303,2.72,6.59,0.9228,1.263,0.127,2.94,3.14,0.31,0.506,5.79,5832.0
CHN,China,中国,2003,13.4,6.39,6.49,1.84,0.3353,2.7,6.82,0.9236,1.546,0.1338,2.92,3.13,0.32,0.518,5.81,6086.0
CHN,China,中国,2004,13.5,6.54,6.1,1.85,0.3403,2.69,6.73,0.8994,1.397,0.1332,2.9,3.12,0.33,0.53,5.83,6339.0
CHN,China,中国,2005,13.6,6.54,6.11,2.15,0.3453,2.82,6.45,0.9193,1.275,0.1435,2.88,3.12,0.34,0.542,5.85,6593.0
CHN,China,中国,2006,13.7,6.03,5.61,2.15,0.3503,2.68,6.19,0.9244,1.332,0.1298,2.86,3.12,0.35,0.554,5.87,6847.0
CHN,China,中国,2007,13.8,6.59,5.85,2.1,0.3552,2.9,6.69,0.8584,1.427,0.1388,2.84,3.11,0.36,0.566,5.89,7100.0
CHN,China,中国,2008,13.9,6.89,6.09,2.3,0.3602,2.02,6.37,0.8989,1.309,0.1314,2.82,3.1,0.37,0.578,5.91,7354.0
CHN,China,中国,2009,14.0,7.04,6.6,2.35,0.3652,2.16,6.37,0.8733,1.247,0.135,2.8,3.1,0.38,0.59,5.93,7607.0
CHN,China,中国,2010,14.1,7.33,5.26,2.92,0.3702,1.96,6.29,0.8943,1.528,0.1448,2.78,3.1,0.39,0.602,5.95,7861.0
CHN,China,中国,2011,14.2,6.5,5.84,2.75,0.3752,2.05,6.67,0.8802,1.442,0.1321,2.76,3.09,0.4,0.614,5.97,8114.0
CHN,China,中国,2012,14.3,6.0,5.61,1.65,0.3801,1.75,6.37,0.866,1.477,0.1465,2.74,3.08,0.41,0.626,5.99,8368.0
CHN,China,中国,2013,14.4,6.99,6.34,2.12,0.3851,1.89,6.1,0.8775,1.472,0.1411,2.72,3.08,0.42,0.638,6.01,8622.0
CHN,China,中国,2014,14.5,7.34,6.12,2.66,0.3901,2.01,6.55,0.8757,1.335,0.1513,2.7,3.08,0.43,0.65,6.03,8875.0
CHN,China,中国,2015,14.6,7.57,6.25,1.57,0.3951,1.77,6.69,0.8342,1.425,0.1369,2.68,3.07,0.44,0.662,6.05,9129.0
CHN,China,中国,2016,14.7,7.01,6.32,1.81,0.4001,2.12,6.37,0.863,1.498,0.1496,2.66,3.06,0.45,0.674,6.07,9382.0
CHN,China,中国,2017,14.8,6.5,6.02,2.29,0.405,1.79,6.61,0.8771,1.546,0.1412,2.64,3.06,0.46,0.686,6.09,9636.0
CHN,China,中国,2018,14.9,6.92,5.96,1.59,0.41,1.99,6.48,0.8616,1.433,0.1613,2.62,3.06,0.47,0.698,6.11,9889.0
CHN,China,中国,2019,15.0,6.9,5.67,1.9,0.415,1.96,6.44,0.8605,1.484,0.1379,2.6,3.05,0.48,0.71,6.13,10143.0
CHN,China,中国,2020,20.1,10.02,6.18,2.15,0.4116,-1.14,4.35,0.8539,1.219,0.148,2.58,3.04,0.49,0.722,6.15,10033.0
CHN,China,中国,2021,13.2,6.88,6.35,1.82,0.425,2.49,7.39,0.8457,1.448,0.1504,2.56,3.04,0.5,0.734,6.17,10650.0
CHN,China,中国,2022,15.3,7.38,5.37,2.12,0.4299,2.24,6.5,0.7782,1.288,0.1648,2.54,3.03,0.51,0.746,6.19,10904.0
CHN,China,中国,2023,15.4,8.2,5.93,2.08,0.4349,2.23,6.52,0.8273,1.536,0.1459,2.52,3.03,0.52,0.758,6.21,11157.0
DEU,Germany,德国,2000,17.05,7.85,3.16,4.1,0.9074,0.58,0.68,0.4005,-0.093,0.1664,1.49,2.75,0.693,0.723,7.84,24272.0
DEU,Germany,德国,2001,17.1,8.73,2.39,3.95,0.9084,0.52,0.83,0.3777,-0.13,0.1646,1.48,2.74,0.696,0.726,7.84,25428.0
DEU,Germany,德国,2002,17.15,8.58,4.18,3.55,0.9093,0.51,0.87,0.3854,0.034,0.186,1.47,2.74,0.699,0.729,7.84,26583.0
DEU,Germany,德国,2003,17.2,8.72,2.79,4.41,0.9102,0.33,0.92,0.3983,-0.02,0.171,1.46,2.73,0.702,0.732,7.84,27739.0
DEU,Germany,德国,2004,17.25,7.96,3.14,5.52,0.9111,0.49,0.86,0.3743,0.065,0.1796,1.45,2.72,0.705,0.735,7.84,28895.0
DEU,Germany,德国,2005,17.3,8.96,2.55,4.89,0.912,0.5,0.87,0.3912,0.024,0.1837,1.44,2.71,0.708,0.738,7.84,30051.0
DEU,Germany,德国,2006,17.35,9.03,2.81,4.79,0.913,0.39,0.33,0.3559,0.074,0.1947,1.43,2.7,0.711,0.741,7.84,31207.0
DEU,Germany,德国,2007,17.4,9.37,3.12,4.32,0.9139,0.57,1.21,0.4161,0.326,0.1918,1.42,2.7,0.714,0.744,7.84,32362.0
DEU,Germany,德国,2008,17.45,8.89,3.01,4.88,0.9148,0.21,0.72,0.3539,0.026,0.1701,1.41,2.69,0.717,0.747,7.84,33518.0
DEU,Germany,德国,2009,17.5,8.71,2.91,5.12,0.9158,0.44,0.78,0.3757,0.131,0.1877,1.4,2.68,0.72,0.75,7.84,34674.0
DEU,Germany,德国,2010,17.55,8.47,2.68,5.17,0.9167,0.62,0.71,0.3514,0.042,0.1998,1.39,2.67,0.723,0.753,7.84,35830.0
DEU,Germany,德国,2011,17.6,8.69,2.11,6.11,0.9176,0.28,0.78,0.3673,0.25,0.1891,1.38,2.66,0.726,0.756,7.84,36986.0
DEU,Germany,德国,2012,17.65,7.96,2.9,4.35,0.9185,0.47,0.52,0.362,0.069,0.201,1.37,2.66,0.729,0.759,7.84,38141.0
DEU,Germany,德国,2013,17.7,8.97,2.3,4.64,0.9194,0.35,0.78,0.3789,0.093,0.1803,1.36,2.65,0.732,0.762,7.84,39297.0
DEU,Germany,德国,2014,17.75,9.22,2.38,3.93,0.9204,0.2,0.84,0.4045,0.259,0.1954,1.35,2.64,0.735,0.765,7.84,40453.0
DEU,Germany,德国,2015,17.8,9.32,1.88,4.58,0.9213,0.25,0.92,0.3636,0.153,0.188,1.34,2.63,0.738,0.768,7.84,41609.0
DEU,Germany,德国,2016,17.85,8.77,2.97,3.85,0.9222,0.46,0.69,0.3527,0.259,0.1956,1.33,2.62,0.741,0.771,7.84,42765.0
DEU,Germany,德国,2017,17.9,9.08,3.29,4.66,0.9232,0.53,0.49,0.3376,0.289,0.1999,1.32,2.62,0.744,0.774,7.84,43920.0
DEU,Germany,德国,2018,17.95,8.47,3.23,4.15,0.9241,0.62,1.01,0.3294,0.058,0.1764,1.31,2.61,0.747,0.777,7.84,45076.0
DEU,Germany,德国,2019,18.0,10.21,3.48,3.79,0.925,0.43,0.62,0.3657,0.374,0.1985,1.3,2.6,0.75,0.78,7.84,46232.0
DEU,Germany,德国,2020,23.05,11.32,3.41,5.05,0.9074,-2.57,-1.18,0.3342,0.283,0.205,1.29,2.59,0.753,0.783,7.84,45729.0
DEU,Germany,德国,2021,16.1,8.86,3.2,3.92,0.9268,0.18,1.58,0.3751,0.395,0.2175,1.28,2.58,0.756,0.786,7.84,48544.0
DEU,Germany,德国,2022,18.15,9.15,3.25,4.12,0.9278,0.71,0.72,0.3723,0.287,0.2097,1.27,2.58,0.759,0.789,7.84,49699.0
DEU,Germany,德国,2023,18.2,7.94,2.56,4.52,0.9287,0.52,0.57,0.3333,0.245,0.2076,1.26,2.57,0.762,0.792,7.84,50855.0
EUU,European Union,欧盟,2000,19.62,9.08,3.42,5.18,0.8535,0.29,0.36,0.4502,0.168,0.1458,1.5,2.64,0.663,0.693,7.73,18315.0
EUU,European Union,欧盟,2001,19.64,9.47,3.2,4.46,0.8543,0.13,0.56,0.484,0.041,0.1562,1.49,2.64,0.666,0.696,7.73,19187.0
EUU,European Union,欧盟,2002,19.66,9.16,3.22,5.05,0.8552,0.5,0.64,0.4612,-0.083,0.1405,1.49,2.64,0.669,0.699,7.73,20059.0
EUU,European Union,欧盟,2003,19.68,10.01,2.87,4.41,0.8561,0.24,0.69,0.4488,-0.016,0.1552,1.48,2.63,0.672,0.702,7.73,20932.0
EUU,European Union,欧盟,2004,19.7,9.29,3.35,4.44,0.857,0.21,0.75,0.4571,0.046,0.1421,1.47,2.62,0.675,0.705,7.74,21804.0
EUU,European Union,欧盟,2005,19.72,9.8,3.17,4.98,0.8578,0.07,0.72,0.4384,0.012,0.1338,1.46,2.62,0.678,0.708,7.74,22676.0
EUU,European Union,欧盟,2006,19.74,9.92,3.01,4.56,0.8587,0.28,0.76,0.4471,0.092,0.1369,1.45,2.62,0.681,0.711,7.74,23548.0
EUU,European Union,欧盟,2007,19.76,9.86,4.16,4.92,0.8596,0.34,1.1,0.4607,0.034,0.1637,1.45,2.61,0.684,0.714,7.74,24420.0
EUU,European Union,欧盟,2008,19.78,10.85,3.64,3.81,0.8604,0.07,0.55,0.443,0.127,0.1644,1.44,2.6,0.687,0.717,7.74,25292.0
EUU,European Union,欧盟,2009,19.8,10.01,3.69,5.08,0.8613,0.1,0.8,0.4215,0.053,0.1532,1.43,2.6,0.69,0.72,7.74,26164.0
EUU,European Union,欧盟,2010,19.82,10.27,2.45,4.85,0.8622,0.11,0.78,0.4617,0.071,0.1456,1.42,2.6,0.693,0.723,7.74,27037.0
EUU,European Union,欧盟,2011,19.84,9.83,3.29,4.28,0.863,0.17,0.68,0.4408,0.157,0.157,1.41,2.59,0.696,0.726,7.74,27909.0
EUU,European Union,欧盟,2012,19.86,11.06,3.75,4.42,0.8639,0.31,0.82,0.4411,0.235,0.1561,1.41,2.58,0.699,0.729,7.74,28781.0
EUU,European Union,欧盟,2013,19.88,10.37,3.33,4.36,0.8648,0.37,0.52,0.464,0.158,0.1826,1.4,2.58,0.702,0.732,7.74,29653.0
EUU,European Union,欧盟,2014,19.9,9.27,3.43,4.72,0.8656,0.29,0.92,0.4338,0.327,0.1756,1.39,2.58,0.705,0.735,7.74,30525.0
EUU,European Union,欧盟,2015,19.92,9.45,4.04,5.79,0.8665,0.29,0.32,0.4258,0.2,0.1739,1.38,2.57,0.708,0.738,7.75,31397.0
EUU,European Union,欧盟,2016,19.94,9.85,3.48,4.02,0.8674,0.3,0.76,0.3877,0.291,0.1743,1.37,2.56,0.711,0.741,7.75,32270.0
EUU,European Union,欧盟,2017,19.96,10.36,2.87,5.18,0.8683,0.39,0.49,0.4277,0.224,0.1665,1.37,2.56,0.714,0.744,7.75,33142.0
EUU,European Union,欧盟,2018,19.98,10.25,3.09,5.29,0.8691,0.16,0.83,0.4538,0.34,0.1646,1.36,2.55,0.717,0.747,7.75,34014.0
EUU,European Union,欧盟,2019,20.0,10.52,3.17,5.33,0.87,-0.01,0.96,0.3788,0.163,0.1791,1.35,2.55,0.72,0.75,7.75,34886.0
EUU,European Union,欧盟,2020,25.02,12.53,3.13,5.45,0.8535,-2.93,-1.23,0.4357,0.262,0.16,1.34,2.54,0.723,0.753,7.75,34507.0
EUU,European Union,欧盟,2021,18.04,9.44,3.17,5.17,0.8717,0.12,2.11,0.4005,0.295,0.1617,1.33,2.54,0.726,0.756,7.75,36630.0
EUU,European Union,欧盟,2022,20.06,10.39,3.71,4.89,0.8726,0.18,0.87,0.4014,0.189,0.1747,1.33,2.53,0.729,0.759,7.75,37502.0
EUU,European Union,欧盟,2023,20.08,9.79,3.0,5.73,0.8735,-0.05,0.87,0.3902,0.15,0.1843,1.32,2.53,0.732,0.762,7.75,38375.0
FRA,France,法国,2000,19.43,9.76,1.89,4.29,0.9084,0.27,0.75,0.3995,-0.024,0.1165,1.61,2.78,0.682,0.733,7.66,21259.0
FRA,France,法国,2001,19.46,9.05,1.89,4.97,0.9093,0.64,0.6,0.406,0.04,0.1287,1.6,2.77,0.684,0.736,7.66,22272.0
FRA,France,法国,2002,19.49,9.83,3.0,4.41,0.9103,0.67,0.77,0.4305,-0.012,0.1287,1.59,2.76,0.686,0.739,7.66,23284.0
FRA,France,法国,2003,19.52,9.68,3.41,4.96,0.9112,0.4,0.7,0.3937,-0.094,0.1273,1.58,2.76,0.688,0.742,7.67,24296.0
FRA,France,法国,2004,19.55,10.08,2.88,4.18,0.9121,0.17,0.93,0.4167,-0.074,0.1299,1.57,2.76,0.69,0.745,7.68,25309.0
FRA,France,法国,2005,19.58,9.67,4.02,5.46,0.913,0.33,0.97,0.3984,0.15,0.1328,1.56,2.75,0.692,0.748,7.68,26321.0
FRA,France,法国,2006,19.61,9.62,3.37,4.93,0.914,0.25,0.71,0.4241,0.097,0.1364,1.55,2.74,0.694,0.751,7.68,27333.0
FRA,France,法国,2007,19.64,10.32,3.73,4.98,0.9149,0.62,0.49,0.3903,0.069,0.1389,1.54,2.74,0.696,0.754,7.69,28346.0
FRA,France,法国,2008,19.67,9.5,2.17,4.76,0.9158,0.09,0.93,0.4195,-0.153,0.1446,1.53,2.74,0.698,0.757,7.7,29358.0
FRA,France,法国,2009,19.7,9.98,3.42,5.23,0.9167,0.17,1.07,0.3854,0.038,0.1327,1.52,2.73,0.7,0.76,7.7,30370.0
FRA,France,法国,2010,19.73,9.67,2.38,5.38,0.9177,0.33,0.92,0.4129,0.147,0.1354,1.51,2.72,0.702,0.763,7.7,31383.0
FRA,France,法国,2011,19.76,9.98,3.23,3.66,0.9186,0.26,0.86,0.4044,0.008,0.1457,1.5,2.72,0.704,0.766,7.71,32395.0
FRA,France,法国,2012,19.79,11.13,3.2,4.1,0.9195,0.34,0.4,0.3794,0.208,0.1368,1.49,2.72,0.706,0.769,7.72,33408.0
FRA,France,法国,2013,19.82,10.42,2.94,4.95,0.9204,0.2,0.63,0.4077,-0.017,0.1359,1.48,2.71,0.708,0.772,7.72,34420.0
FRA,France,法国,2014,19.85,11.01,3.13,5.43,0.9214,0.19,1.0,0.3813,0.015,0.1431,1.47,2.7,0.71,0.775,7.72,35432.0
FRA,France,法国,2015,19.88,10.31,3.2,4.48,0.9223,0.16,0.8,0.3904,0.045,0.1515,1.46,2.7,0.712,0.778,7.73,36445.0
FRA,France,法国,2016,19.91,9.98,2.8,4.71,0.9232,0.34,0.55,0.3919,0.2,0.1513,1.45,2.7,0.714,0.781,7.74,37457.0
FRA,France,法国,2017,19.94,9.79,2.54,5.43,0.9241,0.33,0.73,0.4179,0.178,0.1582,1.44,2.69,0.716,0.784,7.74,38469.0
FRA,France,法国,2018,19.97,9.86,3.19,4.03,0.9251,0.11,0.36,0.3792,0.216,0.1446,1.43,2.68,0.718,0.787,7.74,39482.0
FRA,France,法国,2019,20.0,10.5,3.41,5.74,0.926,0.12,0.85,0.3851,0.181,0.1534,1.42,2.68,0.72,0.79,7.75,40494.0
FRA,France,法国,2020,25.03,12.69,2.71,5.06,0.9084,-2.51,-1.21,0.3679,0.094,0.153,1.41,2.68,0.722,0.793,7.76,40054.0
FRA,France,法国,2021,18.06,9.55,2.76,4.56,0.9279,0.51,1.8,0.3711,0.016,0.1624,1.4,2.67,0.724,0.796,7.76,42519.0
FRA,France,法国,2022,20.09,10.12,3.44,4.17,0.9288,0.14,0.85,0.3824,0.176,0.1424,1.39,2.66,0.726,0.799,7.76,43531.0
FRA,France,法国,2023,20.12,10.19,2.35,4.82,0.9297,0.26,0.7,0.3989,0.256,0.1573,1.38,2.66,0.728,0.802,7.77,44543.0
GBR,United Kingdom,英国,2000,25.38,12.35,3.36,6.98,0.8123,0.48,0.8,0.432,0.029,0.1405,1.35,1.9,0.773,0.793,7.98,22223.0
GBR,United Kingdom,英国,2001,25.36,12.75,2.94,7.59,0.8131,0.47,0.46,0.4226,0.1,0.1323,1.34,1.9,0.776,0.796,7.97,23282.0
GBR,United Kingdom,英国,2002,25.34,12.68,3.14,8.01,0.8139,0.53,0.44,0.4358,-0.055,0.1527,1.34,1.9,0.779,0.799,7.96,24340.0
GBR,United Kingdom,英国,2003,25.32,12.1,3.51,6.87,0.8148,0.27,0.48,0.4157,0.048,0.1555,1.33,1.9,0.782,0.802,7.96,25398.0
GBR,United Kingdom,英国,2004,25.3,12.74,3.36,7.97,0.8156,0.29,0.74,0.4574,-0.079,0.1469,1.32,1.9,0.785,0.805,7.96,26456.0
GBR,United Kingdom,英国,2005,25.28,12.87,3.16,7.94,0.8164,0.45,0.95,0.4285,-0.014,0.1589,1.31,1.9,0.788,0.808,7.95,27514.0
GBR,United Kingdom,英国,2006,25.26,13.97,3.13,7.62,0.8172,0.41,0.45,0.4399,0.003,0.1421,1.3,1.9,0.791,0.811,7.94,28573.0
GBR,United Kingdom,英国,2007,25.24,11.07,4.02,7.83,0.8181,0.47,0.72,0.4443,0.155,0.1635,1.3,1.9,0.794,0.814,7.94,29631.0
GBR,United Kingdom,英国,2008,25.22,12.23,3.27,7.61,0.8189,0.52,0.5,0.4624,-0.096,0.1524,1.29,1.9,0.797,0.817,7.94,30689.0
GBR,United Kingdom,英国,2009,25.2,13.47,3.28,7.46,0.8197,0.39,0.83,0.4451,0.156,0.1498,1.28,1.9,0.8,0.82,7.93,31748.0
GBR,United Kingdom,英国,2010,25.18,12.51,3.44,7.39,0.8205,0.15,0.93,0.4297,0.033,0.1561,1.27,1.9,0.803,0.823,7.92,32806.0
GBR,United Kingdom,英国,2011,25.16,12.61,3.91,6.98,0.8214,0.33,1.06,0.4266,0.237,0.1612,1.26,1.9,0.806,0.826,7.92,33864.0
GBR,United Kingdom,英国,2012,25.14,12.89,3.66,7.92,0.8222,0.35,0.93,0.4398,0.141,0.1579,1.26,1.9,0.809,0.829,7.92,34922.0
GBR,United Kingdom,英国,2013,25.12,12.44,3.64,7.82,0.823,0.16,1.06,0.4459,0.128,0.1505,1.25,1.9,0.812,0.832,7.91,35980.0
GBR,United Kingdom,英国,2014,25.1,13.64,3.29,6.74,0.8239,0.14,0.79,0.4204,0.23,0.1643,1.24,1.9,0.815,0.835,7.9,37039.0
GBR,United Kingdom,英国,2015,25.08,12.66,3.35,7.32,0.8247,0.53,0.33,0.4012,0.064,0.1694,1.23,1.9,0.818,0.838,7.9,38097.0
GBR,United Kingdom,英国,2016,25.06,12.2,3.34,6.34,0.8255,0.37,0.87,0.4158,0.298,0.172,1.22,1.9,0.821,0.841,7.9,39155.0
GBR,United Kingdom,英国,2017,25.04,13.49,3.61,6.93,0.8263,0.34,0.37,0.3608,0.036,0.1666,1.22,1.9,0.824,0.844,7.89,40214.0
GBR,United Kingdom,英国,2018,25.02,13.6,3.33,7.84,0.8272,0.39,0.53,0.3986,0.158,0.1531,1.21,1.9,0.827,0.847,7.88,41272.0
GBR,United Kingdom,英国,2019,25.0,12.29,3.12,7.74,0.828,0.05,1.03,0.3872,0.174,0.1819,1.2,1.9,0.83,0.85,7.88,42330.0
GBR,United Kingdom,英国,2020,29.98,15.05,4.07,8.29,0.8123,-2.7,-0.98,0.4056,0.118,0.1587,1.19,1.9,0.833,0.853,7.88,41870.0
GBR,United Kingdom,英国,2021,22.96,12.02,4.08,8.38,0.8297,0.33,1.65,0.4165,0.165,0.1939,1.18,1.9,0.836,0.856,7.87,44446.0
GBR,United Kingdom,英国,2022,24.94,13.22,3.2,7.61,0.8305,-0.18,0.76,0.4121,0.104,0.1685,1.18,1.9,0.839,0.859,7.86,45505.0
GBR,United Kingdom,英国,2023,24.92,13.06,3.58,7.75,0.8313,0.31,0.65,0.349,0.068,0.1788,1.17,1.9,0.842,0.862,7.86,46563.0
IDN,Indonesia,印尼,2000,18.48,9.19,5.61,2.46,0.3562,1.26,3.85,0.8961,0.839,0.0462,2.39,2.75,0.348,0.23,6.56,2171.0
IDN,Indonesia,印尼,2001,18.56,9.04,5.2,2.42,0.3595,1.56,3.97,0.8315,0.778,0.0475,2.38,2.75,0.356,0.24,6.57,2275.0
IDN,Indonesia,印尼,2002,18.64,8.78,5.18,1.96,0.3629,1.63,3.89,0.8858,0.707,0.0533,2.37,2.75,0.364,0.25,6.58,2378.0
IDN,Indonesia,印尼,2003,18.72,9.24,5.25,2.74,0.3662,1.65,3.84,0.8881,0.717,0.0744,2.36,2.75,0.372,0.26,6.59,2482.0
IDN,Indonesia,印尼,2004,18.8,9.52,5.59,1.74,0.3696,1.54,3.57,0.8748,0.838,0.0761,2.35,2.75,0.38,0.27,6.6,2585.0
IDN,Indonesia,印尼,2005,18.88,9.12,5.16,1.66,0.373,1.4,3.66,0.8294,0.852,0.0556,2.34,2.75,0.388,0.28,6.61,2688.0
IDN,Indonesia,印尼,2006,18.96,8.53,6.29,1.73,0.3763,1.57,3.51,0.8351,0.736,0.0519,2.33,2.75,0.396,0.29,6.62,2792.0
IDN,Indonesia,印尼,2007,19.04,10.14,6.06,2.74,0.3797,1.57,3.73,0.8425,0.828,0.0696,2.32,2.75,0.404,0.3,6.63,2895.0
IDN,Indonesia,印尼,2008,19.12,9.98,5.24,2.47,0.383,1.16,3.96,0.8629,0.864,0.0591,2.31,2.75,0.412,0.31,6.64,2999.0
IDN,Indonesia,印尼,2009,19.2,9.86,5.84,2.21,0.3864,1.49,3.87,0.8321,0.803,0.0703,2.3,2.75,0.42,0.32,6.65,3102.0
IDN,Indonesia,印尼,2010,19.28,9.33,5.94,1.61,0.3898,1.05,3.43,0.8279,0.643,0.0709,2.29,2.75,0.428,0.33,6.66,3205.0
IDN,Indonesia,印尼,2011,19.36,9.99,5.88,1.95,0.3931,0.84,3.66,0.8275,0.922,0.0463,2.28,2.75,0.436,0.34,6.67,3309.0
IDN,Indonesia,印尼,2012,19.44,9.08,5.04,2.22,0.3965,1.07,3.37,0.8343,0.993,0.0696,2.27,2.75,0.444,0.35,6.68,3412.0
IDN,Indonesia,印尼,2013,19.52,9.0,5.67,2.39,0.3998,1.12,3.8,0.8659,0.784,0.0653,2.26,2.75,0.452,0.36,6.69,3516.0
IDN,Indonesia,印尼,2014,19.6,9.68,5.45,2.18,0.4032,1.07,3.66,0.8577,0.875,0.0505,2.25,2.75,0.46,0.37,6.7,3619.0
IDN,Indonesia,印尼,2015,19.68,9.81,5.21,2.58,0.4066,0.92,3.94,0.8122,0.92,0.0654,2.24,2.75,0.468,0.38,6.71,3722.0
IDN,Indonesia,印尼,2016,19.76,9.65,5.17,2.69,0.4099,1.01,4.04,0.8395,1.049,0.065,2.23,2.75,0.476,0.39,6.72,3826.0
IDN,Indonesia,印尼,2017,19.84,10.0,5.53,2.28,0.4133,1.16,4.07,0.7849,0.968,0.0617,2.22,2.75,0.484,0.4,6.73,3929.0
IDN,Indonesia,印尼,2018,19.92,9.13,6.05,2.44,0.4166,1.22,3.91,0.8383,1.081,0.0822,2.21,2.75,0.492,0.41,6.74,4033.0
IDN,Indonesia,印尼,2019,20.0,9.66,5.43,2.53,0.42,1.16,4.04,0.8012,0.943,0.0638,2.2,2.75,0.5,0.42,6.75,4136.0
IDN,Indonesia,印尼,2020,25.08,12.79,5.47,1.84,0.4149,-1.66,1.86,0.8111,1.028,0.0618,2.19,2.75,0.508,0.43,6.76,4091.0
IDN,Indonesia,印尼,2021,18.16,9.27,5.32,3.29,0.4267,1.29,4.57,0.7488,0.93,0.0591,2.18,2.75,0.516,0.44,6.77,4343.0
IDN,Indonesia,印尼,2022,20.24,9.57,6.05,1.85,0.4301,1.24,4.0,0.8124,0.95,0.0798,2.17,2.75,0.524,0.45,6.78,4446.0
IDN,Indonesia,印尼,2023,20.32,9.94,6.2,2.97,0.4334,1.0,3.73,0.7853,0.859,0.0523,2.16,2.75,0.532,0.46,6.79,4550.0
IND,India,印度,2000,16.1,8.43,6.58,2.79,0.2778,3.54,5.21,1.0659,0.933,0.0928,2.68,3.1,0.23,0.368,6.3,1103.0
IND,India,印度,2001,16.2,8.1,6.02,2.25,0.2813,3.55,4.87,1.0618,1.223,0.0898,2.67,3.09,0.24,0.376,6.31,1156.0
IND,India,印度,2002,16.3,8.25,6.36,1.55,0.2847,3.64,5.26,1.0523,0.837,0.0845,2.66,3.08,0.25,0.384,6.32,1208.0
IND,India,印度,2003,16.4,8.78,6.5,2.75,0.2881,3.34,5.15,1.0408,1.117,0.0969,2.64,3.08,0.26,0.392,6.34,1261.0
IND,India,印度,2004,16.5,7.77,7.19,2.65,0.2916,3.26,5.6,0.9759,0.964,0.0949,2.62,3.08,0.27,0.4,6.36,1313.0
IND,India,印度,2005,16.6,8.75,6.98,2.54,0.295,3.44,5.11,1.0148,1.057,0.0823,2.61,3.07,0.28,0.408,6.37,1366.0
IND,India,印度,2006,16.7,8.42,6.31,2.67,0.2984,3.4,5.16,1.0273,0.983,0.0976,2.6,3.06,0.29,0.416,6.38,1418.0
IND,India,印度,2007,16.8,8.03,7.39,2.73,0.3018,3.27,4.81,1.0244,1.04,0.076,2.58,3.06,0.3,0.424,6.4,1471.0
IND,India,印度,2008,16.9,9.08,6.2,2.09,0.3053,2.65,5.08,0.9907,1.158,0.094,2.56,3.06,0.31,0.432,6.42,1523.0
IND,India,印度,2009,17.0,7.92,7.08,3.22,0.3087,2.39,5.28,1.0234,1.011,0.0926,2.55,3.05,0.32,0.44,6.43,1576.0
IND,India,印度,2010,17.1,8.58,6.6,2.92,0.3121,2.34,5.5,0.9874,1.165,0.1,2.54,3.04,0.33,0.448,6.44,1628.0
IND,India,印度,2011,17.2,8.77,6.82,3.19,0.3156,2.42,5.4,0.984,1.029,0.0949,2.52,3.04,0.34,0.456,6.46,1681.0
IND,India,印度,2012,17.3,8.66,6.22,2.59,0.319,2.37,5.15,0.9864,1.157,0.0961,2.5,3.04,0.35,0.464,6.48,1733.0
IND,India,印度,2013,17.4,9.13,6.95,2.41,0.3224,2.39,5.08,0.9845,1.036,0.1112,2.49,3.03,0.36,0.472,6.49,1786.0
IND,India,印度,2014,17.5,9.38,6.96,2.79,0.3259,2.43,5.15,0.9807,1.048,0.1045,2.48,3.02,0.37,0.48,6.5,1838.0
IND,India,印度,2015,17.6,8.95,5.83,3.2,0.3293,2.41,5.49,0.997,0.988,0.0921,2.46,3.02,0.38,0.488,6.52,1891.0
IND,India,印度,2016,17.7,8.99,6.59,2.44,0.3327,2.24,5.41,0.9724,1.161,0.088,2.44,3.02,0.39,0.496,6.54,1943.0
IND,India,印度,2017,17.8,9.04,6.71,2.93,0.3361,2.26,5.04,0.9397,1.118,0.1066,2.43,3.01,0.4,0.504,6.55,1996.0
IND,India,印度,2018,17.9,8.5,6.55,2.4,0.3396,2.34,4.98,0.9588,1.169,0.1091,2.42,3.0,0.41,0.512,6.56,2048.0
IND,India,印度,2019,18.0,8.6,6.73,2.62,0.343,2.19,4.91,0.971,1.131,0.0931,2.4,3.0,0.42,0.52,6.58,2101.0
IND,India,印度,2020,23.1,12.47,6.88,2.51,0.3395,-0.48,3.09,0.9226,1.258,0.09,2.38,3.0,0.43,0.528,6.6,2078.0
IND,India,印度,2021,16.2,8.14,7.27,2.48,0.3499,2.8,6.29,0.9217,1.042,0.097,2.37,2.99,0.44,0.536,6.61,2206.0
IND,India,印度,2022,18.3,9.15,6.0,2.47,0.3533,2.72,5.12,0.9123,1.302,0.0973,2.36,2.98,0.45,0.544,6.62,2259.0
IND,India,印度,2023,18.4,8.84,7.06,2.06,0.3567,2.64,5.26,0.9182,1.118,0.0823,2.34,2.98,0.46,0.552,6.64,2311.0
ITA,Italy,意大利,2000,17.62,8.93,3.73,3.24,0.8532,-0.52,0.47,0.4516,-0.296,0.1002,1.61,3.08,0.542,0.641,7.77,17445.0
ITA,Italy,意大利,2001,17.64,9.24,2.56,2.53,0.8516,-0.42,0.06,0.4405,-0.17,0.0989,1.6,3.07,0.544,0.642,7.77,18275.0
ITA,Italy,意大利,2002,17.66,9.41,3.92,3.49,0.8499,0.04,0.07,0.4729,-0.222,0.1046,1.59,3.06,0.546,0.643,7.76,19106.0
ITA,Italy,意大利,2003,17.68,9.09,3.53,2.7,0.8483,-0.28,0.16,0.4722,-0.126,0.1001,1.58,3.05,0.548,0.644,7.76,19937.0
ITA,Italy,意大利,2004,17.7,9.67,2.92,3.22,0.8467,-0.04,0.46,0.4493,-0.037,0.0953,1.57,3.04,0.55,0.645,7.76,20768.0
ITA,Italy,意大利,2005,17.72,8.88,3.6,2.58,0.845,-0.01,0.06,0.4489,-0.095,0.0926,1.56,3.03,0.552,0.646,7.76,21598.0
ITA,Italy,意大利,2006,17.74,8.76,3.24,3.62,0.8434,0.12,0.33,0.4428,-0.147,0.1054,1.55,3.02,0.554,0.647,7.76,22429.0
ITA,Italy,意大利,2007,17.76,8.86,3.73,2.37,0.8417,-0.19,0.63,0.4473,-0.102,0.1024,1.54,3.01,0.556,0.648,7.75,23260.0
ITA,Italy,意大利,2008,17.78,8.46,3.64,2.84,0.8401,-0.06,0.39,0.4296,-0.227,0.0905,1.53,3.0,0.558,0.649,7.75,24090.0
ITA,Italy,意大利,2009,17.8,8.63,3.33,2.37,0.8384,-0.06,-0.01,0.4369,-0.067,0.1287,1.52,2.99,0.56,0.65,7.75,24921.0
ITA,Italy,意大利,2010,17.82,8.48,2.96,2.78,0.8368,-0.37,0.21,0.4682,0.017,0.1009,1.51,2.98,0.562,0.651,7.75,25752.0
ITA,Italy,意大利,2011,17.84,8.52,2.64,2.98,0.8352,-0.0,0.12,0.4395,-0.002,0.1151,1.5,2.97,0.564,0.652,7.75,26582.0
ITA,Italy,意大利,2012,17.86,9.36,3.21,2.94,0.8335,0.01,0.6,0.4429,-0.172,0.1159,1.49,2.96,0.566,0.653,7.74,27413.0
ITA,Italy,意大利,2013,17.88,9.07,3.24,2.29,0.8319,-0.09,0.47,0.4248,-0.014,0.1182,1.48,2.95,0.568,0.654,7.74,28244.0
ITA,Italy,意大利,2014,17.9,8.81,3.05,2.41,0.8302,-0.02,0.29,0.4276,-0.001,0.1251,1.47,2.94,0.57,0.655,7.74,29074.0
ITA,Italy,意大利,2015,17.92,9.01,3.89,2.35,0.8286,0.13,0.47,0.4402,0.01,0.1084,1.46,2.93,0.572,0.656,7.74,29905.0
ITA,Italy,意大利,2016,17.94,8.16,3.38,2.54,0.8269,-0.03,0.06,0.4403,0.06,0.1118,1.45,2.92,0.574,0.657,7.74,30736.0
ITA,Italy,意大利,2017,17.96,9.08,3.98,2.4,0.8253,-0.25,0.49,0.3913,0.098,0.1118,1.44,2.91,0.576,0.658,7.73,31567.0
ITA,Italy,意大利,2018,17.98,9.88,3.61,2.23,0.8236,-0.21,0.3,0.4383,-0.078,0.1211,1.43,2.9,0.578,0.659,7.73,32397.0
ITA,Italy,意大利,2019,18.0,9.09,3.67,2.97,0.822,-0.12,0.12,0.4127,-0.071,0.1341,1.42,2.89,0.58,0.66,7.73,33228.0
ITA,Italy,意大利,2020,23.02,11.99,3.25,2.4,0.8039,-3.09,-1.37,0.4089,-0.015,0.1123,1.41,2.88,0.582,0.661,7.73,32867.0
ITA,Italy,意大利,2021,16.04,6.67,3.59,2.61,0.8187,0.27,1.27,0.4159,0.125,0.1208,1.4,2.87,0.584,0.662,7.73,34889.0
ITA,Italy,意大利,2022,18.06,9.67,3.74,2.91,0.8171,0.0,0.55,0.4442,0.188,0.1315,1.39,2.86,0.586,0.663,7.72,35720.0
ITA,Italy,意大利,2023,18.08,9.15,3.44,2.78,0.8154,-0.23,0.36,0.4357,0.049,0.1205,1.38,2.85,0.588,0.664,7.72,36551.0
JPN,Japan,日本,2000,10.1,4.74,2.32,0.87,0.6475,0.71,0.39,0.4137,-0.048,0.1874,1.52,2.09,0.663,0.823,7.74,21130.0
JPN,Japan,日本,2001,10.2,5.61,2.65,1.35,0.6481,0.55,0.62,0.4609,-0.216,0.1805,1.51,2.09,0.666,0.826,7.74,22136.0
JPN,Japan,日本,2002,10.3,4.21,3.08,1.29,0.6488,0.56,0.57,0.4223,-0.058,0.1916,1.5,2.09,0.669,0.829,7.74,23142.0
JPN,Japan,日本,2003,10.4,5.56,2.84,2.0,0.6494,0.54,0.64,0.4412,-0.077,0.1922,1.5,2.09,0.672,0.832,7.75,24148.0
JPN,Japan,日本,2004,10.5,4.94,2.57,1.88,0.6501,0.73,1.0,0.4456,-0.058,0.2071,1.5,2.09,0.675,0.835,7.76,25154.0
JPN,Japan,日本,2005,10.6,5.29,2.19,2.13,0.6508,0.42,0.17,0.4216,-0.179,0.1937,1.49,2.09,0.678,0.838,7.76,26161.0
JPN,Japan,日本,2006,10.7,5.02,2.82,1.86,0.6514,0.47,0.95,0.4173,0.093,0.1962,1.48,2.09,0.681,0.841,7.76,27167.0
JPN,Japan,日本,2007,10.8,5.6,3.15,1.12,0.6521,0.19,0.51,0.4288,0.008,0.1961,1.48,2.09,0.684,0.844,7.77,28173.0
JPN,Japan,日本,2008,10.9,5.73,2.4,1.73,0.6527,0.25,0.67,0.4192,-0.056,0.1933,1.48,2.09,0.687,0.847,7.78,29179.0
JPN,Japan,日本,2009,11.0,6.51,3.06,1.25,0.6534,0.43,0.79,0.3845,-0.087,0.2154,1.47,2.09,0.69,0.85,7.78,30185.0
JPN,Japan,日本,2010,11.1,5.74,2.33,1.42,0.6541,0.42,0.95,0.4154,0.056,0.1932,1.46,2.09,0.693,0.853,7.78,31191.0
JPN,Japan,日本,2011,11.2,5.53,3.63,1.79,0.6547,0.14,0.7,0.4283,0.161,0.201,1.46,2.09,0.696,0.856,7.79,32198.0
JPN,Japan,日本,2012,11.3,6.01,2.67,2.47,0.6554,0.22,0.76,0.395,-0.003,0.2193,1.45,2.09,0.699,0.859,7.8,33204.0
JPN,Japan,日本,2013,11.4,6.22,2.82,1.77,0.656,0.27,0.66,0.4428,0.087,0.2163,1.45,2.09,0.702,0.862,7.8,34210.0
JPN,Japan,日本,2014,11.5,5.79,2.88,2.07,0.6567,0.09,0.82,0.4244,0.038,0.2115,1.44,2.09,0.705,0.865,7.8,35216.0
JPN,Japan,日本,2015,11.6,5.95,2.3,0.7,0.6574,0.3,0.68,0.3722,0.19,0.2179,1.44,2.09,0.708,0.868,7.81,36222.0
JPN,Japan,日本,2016,11.7,5.97,2.49,0.52,0.658,0.19,0.9,0.4149,0.135,0.213,1.43,2.09,0.711,0.871,7.82,37228.0
JPN,Japan,日本,2017,11.8,5.74,2.73,1.53,0.6587,0.24,1.01,0.4015,-0.049,0.2175,1.43,2.09,0.714,0.874,7.82,38235.0
JPN,Japan,日本,2018,11.9,6.18,2.54,1.74,0.6593,0.2,0.3,0.3806,0.258,0.2253,1.42,2.09,0.717,0.877,7.82,39241.0
JPN,Japan,日本,2019,12.0,6.22,3.16,2.12,0.66,0.15,0.31,0.3816,0.222,0.227,1.42,2.09,0.72,0.88,7.83,40247.0
JPN,Japan,日本,2020,17.1,7.81,3.35,1.73,0.6474,-2.79,-0.85,0.405,0.115,0.2176,1.42,2.09,0.723,0.883,7.84,39809.0
JPN,Japan,日本,2021,10.2,5.47,3.02,2.52,0.6613,0.33,1.71,0.3977,0.089,0.2224,1.41,2.09,0.726,0.886,7.84,42259.0
JPN,Japan,日本,2022,12.3,6.3,3.03,0.79,0.662,0.45,0.94,0.4243,0.329,0.2145,1.4,2.09,0.729,0.889,7.84,43266.0
JPN,Japan,日本,2023,12.4,6.68,2.95,1.48,0.6626,0.01,0.62,0.4118,0.094,0.2354,1.4,2.09,0.732,0.892,7.85,44272.0
KOR,South Korea,韩国,2000,19.15,9.3,4.1,3.67,0.5103,1.55,2.14,0.5993,0.746,0.2097,1.88,2.57,0.528,0.66,7.34,16715.0
KOR,South Korea,韩国,2001,19.3,9.95,4.1,3.53,0.5166,1.6,2.39,0.5878,0.613,0.2101,1.86,2.56,0.536,0.67,7.35,17511.0
KOR,South Korea,韩国,2002,19.45,8.94,4.18,4.01,0.5229,1.55,2.07,0.607,0.546,0.2183,1.84,2.56,0.544,0.68,7.36,18307.0
KOR,South Korea,韩国,2003,19.6,9.79,4.19,4.3,0.5292,1.51,2.2,0.5547,0.657,0.2263,1.82,2.55,0.552,0.69,7.37,19103.0
KOR,South Korea,韩国,2004,19.75,9.62,4.41,4.51,0.5355,1.52,2.21,0.6366,0.664,0.2305,1.8,2.54,0.56,0.7,7.38,19899.0
KOR,South Korea,韩国,2005,19.9,9.99,4.27,4.14,0.5418,1.56,1.99,0.6306,0.7,0.2161,1.78,2.53,0.568,0.71,7.39,20695.0
KOR,South Korea,韩国,2006,20.05,10.01,4.18,4.92,0.5481,1.56,2.0,0.5912,0.759,0.2243,1.76,2.52,0.576,0.72,7.4,21491.0
KOR,South Korea,韩国,2007,20.2,9.97,3.29,4.31,0.5544,1.87,2.04,0.5413,0.801,0.2233,1.74,2.52,0.584,0.73,7.41,22287.0
KOR,South Korea,韩国,2008,20.35,10.35,4.77,4.14,0.5607,1.12,2.19,0.5489,0.645,0.2357,1.72,2.51,0.592,0.74,7.42,23083.0
KOR,South Korea,韩国,2009,20.5,10.95,3.74,3.99,0.567,1.14,2.31,0.5832,0.743,0.2344,1.7,2.5,0.6,0.75,7.43,23878.0
KOR,South Korea,韩国,2010,20.65,10.49,4.07,4.16,0.5733,1.15,1.94,0.5679,0.686,0.2346,1.68,2.49,0.608,0.76,7.44,24674.0
KOR,South Korea,韩国,2011,20.8,10.57,4.31,4.35,0.5796,1.09,2.26,0.6056,0.964,0.2269,1.66,2.48,0.616,0.77,7.45,25470.0
KOR,South Korea,韩国,2012,20.95,10.48,3.35,4.58,0.5859,0.88,2.23,0.5385,0.794,0.2383,1.64,2.48,0.624,0.78,7.46,26266.0
KOR,South Korea,韩国,2013,21.1,11.52,3.67,4.23,0.5922,1.2,2.08,0.5731,0.891,0.2354,1.62,2.47,0.632,0.79,7.47,27062.0
KOR,South Korea,韩国,2014,21.25,11.33,4.14,3.26,0.5985,1.11,1.52,0.568,0.888,0.2376,1.6,2.46,0.64,0.8,7.48,27858.0
KOR,South Korea,韩国,2015,21.4,10.97,3.29,3.1,0.6048,1.16,2.06,0.577,0.981,0.2355,1.58,2.45,0.648,0.81,7.49,28654.0
KOR,South Korea,韩国,2016,21.55,11.56,4.03,3.42,0.6111,1.08,1.94,0.5462,0.938,0.2548,1.56,2.44,0.656,0.82,7.5,29450.0
KOR,South Korea,韩国,2017,21.7,10.78,3.53,4.09,0.6174,1.22,2.09,0.5718,0.963,0.2365,1.54,2.44,0.664,0.83,7.51,30246.0
KOR,South Korea,韩国,2018,21.85,11.07,3.77,3.37,0.6237,1.21,2.07,0.5286,0.882,0.2477,1.52,2.43,0.672,0.84,7.52,31042.0
KOR,South Korea,韩国,2019,22.0,11.29,4.0,3.9,0.63,1.21,2.04,0.5543,0.669,0.253,1.5,2.42,0.68,0.85,7.53,31838.0
KOR,South Korea,韩国,2020,27.15,14.04,4.28,3.59,0.6236,-1.82,0.32,0.536,0.777,0.2445,1.48,2.41,0.688,0.86,7.54,31492.0
KOR,South Korea,韩国,2021,20.3,9.57,4.29,4.24,0.6426,1.41,3.32,0.551,0.725,0.247,1.46,2.4,0.696,0.87,7.55,33430.0
KOR,South Korea,韩国,2022,22.45,10.62,3.56,3.66,0.6489,1.37,1.99,0.5338,0.928,0.2659,1.44,2.4,0.704,0.88,7.56,34226.0
KOR,South Korea,韩国,2023,22.6,11.86,3.66,4.63,0.6552,1.47,2.83,0.5296,0.916,0.2631,1.42,2.39,0.712,0.89,7.57,35022.0
MEX,Mexico,墨西哥,2000,19.05,9.72,5.32,2.28,0.5739,-0.1,0.18,0.7561,0.205,0.0777,1.95,2.62,0.455,0.396,7.14,5222.0
MEX,Mexico,墨西哥,2001,19.1,10.0,5.4,3.3,0.5745,-0.02,0.45,0.7387,0.152,0.0828,1.94,2.62,0.46,0.402,7.14,5470.0
MEX,Mexico,墨西哥,2002,19.15,9.96,5.52,2.32,0.5751,-0.04,0.24,0.7764,0.235,0.0777,1.94,2.62,0.465,0.408,7.14,5719.0
MEX,Mexico,墨西哥,2003,19.2,9.9,6.48,2.17,0.5756,0.07,0.66,0.758,-0.037,0.0909,1.93,2.62,0.47,0.414,7.13,5968.0
MEX,Mexico,墨西哥,2004,19.25,9.25,5.04,2.98,0.5762,0.26,0.5,0.7569,0.133,0.0635,1.92,2.62,0.475,0.42,7.12,6216.0
MEX,Mexico,墨西哥,2005,19.3,9.63,5.74,3.25,0.5768,0.33,0.56,0.7268,0.272,0.0762,1.91,2.62,0.48,0.426,7.12,6465.0
MEX,Mexico,墨西哥,2006,19.35,10.57,6.01,3.69,0.5774,0.03,0.41,0.7161,0.161,0.0796,1.9,2.62,0.485,0.432,7.12,6714.0
MEX,Mexico,墨西哥,2007,19.4,9.33,5.08,2.99,0.578,0.36,0.33,0.7704,0.371,0.0806,1.9,2.62,0.49,0.438,7.11,6962.0
MEX,Mexico,墨西哥,2008,19.45,8.87,5.26,3.33,0.5786,0.06,-0.08,0.7761,0.235,0.1033,1.89,2.62,0.495,0.444,7.1,7211.0
MEX,Mexico,墨西哥,2009,19.5,9.64,6.06,2.45,0.5791,0.26,0.4,0.7314,0.243,0.0826,1.88,2.62,0.5,0.45,7.1,7460.0
MEX,Mexico,墨西哥,2010,19.55,8.95,5.28,3.91,0.5797,0.09,0.13,0.7244,0.236,0.068,1.87,2.62,0.505,0.456,7.1,7708.0
MEX,Mexico,墨西哥,2011,19.6,10.24,6.07,2.48,0.5803,0.26,0.38,0.7234,0.203,0.0666,1.86,2.62,0.51,0.462,7.09,7957.0
MEX,Mexico,墨西哥,2012,19.65,10.68,6.04,3.26,0.5809,0.26,0.6,0.732,0.322,0.076,1.86,2.62,0.515,0.468,7.08,8205.0
MEX,Mexico,墨西哥,2013,19.7,10.17,6.31,3.76,0.5815,0.01,0.2,0.726,0.195,0.0908,1.85,2.62,0.52,0.474,7.08,8454.0
MEX,Mexico,墨西哥,2014,19.75,10.36,5.38,3.56,0.5821,0.14,0.08,0.699,0.16,0.1009,1.84,2.62,0.525,0.48,7.08,8703.0
MEX,Mexico,墨西哥,2015,19.8,9.55,5.51,2.68,0.5827,0.04,0.75,0.6888,0.276,0.0691,1.83,2.62,0.53,0.486,7.07,8951.0
MEX,Mexico,墨西哥,2016,19.85,10.36,5.21,2.55,0.5832,0.36,0.3,0.7104,0.299,0.0922,1.82,2.62,0.535,0.492,7.06,9200.0
MEX,Mexico,墨西哥,2017,19.9,9.92,5.6,2.89,0.5838,0.05,0.15,0.719,0.385,0.0789,1.82,2.62,0.54,0.498,7.06,9449.0
MEX,Mexico,墨西哥,2018,19.95,10.12,5.3,2.63,0.5844,-0.08,0.54,0.6855,0.133,0.1024,1.81,2.62,0.545,0.504,7.06,9697.0
MEX,Mexico,墨西哥,2019,20.0,10.06,6.1,2.54,0.585,-0.13,0.55,0.7022,0.31,0.0876,1.8,2.62,0.55,0.51,7.05,9946.0
MEX,Mexico,墨西哥,2020,25.05,11.89,5.5,3.09,0.5739,-2.86,-1.51,0.7096,0.226,0.0898,1.79,2.62,0.555,0.516,7.04,9838.0
MEX,Mexico,墨西哥,2021,18.1,8.24,6.25,2.42,0.5862,0.1,1.32,0.7099,0.222,0.0876,1.78,2.62,0.56,0.522,7.04,10443.0
MEX,Mexico,墨西哥,2022,20.15,10.61,4.89,2.24,0.5868,0.08,0.28,0.7086,0.321,0.0921,1.78,2.62,0.565,0.528,7.04,10692.0
MEX,Mexico,墨西哥,2023,20.2,9.14,6.58,2.81,0.5873,0.36,0.43,0.7051,0.347,0.0968,1.77,2.62,0.57,0.534,7.03,10941.0
RUS,Russia,俄罗斯,2000,17.95,9.39,6.7,2.39,0.516,0.65,1.11,0.7965,-0.032,0.1012,2.11,1.9,0.455,0.473,6.01,6036.0
RUS,Russia,俄罗斯,2001,17.9,7.72,7.12,2.03,0.5165,0.52,1.12,0.7956,0.041,0.0961,2.12,1.9,0.46,0.476,5.98,6323.0
RUS,Russia,俄罗斯,2002,17.85,8.74,7.53,3.24,0.5171,0.31,1.0,0.7756,0.197,0.1019,2.13,1.9,0.465,0.479,5.95,6611.0
RUS,Russia,俄罗斯,2003,17.8,8.81,7.31,2.87,0.5176,0.27,1.08,0.7982,0.119,0.0914,2.14,1.9,0.47,0.482,5.92,6898.0
RUS,Russia,俄罗斯,2004,17.75,8.42,7.05,1.94,0.5181,0.34,1.19,0.7542,0.058,0.1011,2.15,1.9,0.475,0.485,5.89,7186.0
RUS,Russia,俄罗斯,2005,17.7,9.35,7.9,2.64,0.5186,0.53,0.79,0.762,0.113,0.0913,2.16,1.9,0.48,0.488,5.86,7473.0
RUS,Russia,俄罗斯,2006,17.65,8.83,6.92,2.16,0.5192,0.31,0.92,0.7188,0.206,0.0952,2.17,1.9,0.485,0.491,5.83,7760.0
RUS,Russia,俄罗斯,2007,17.6,8.98,6.22,1.51,0.5197,0.5,0.99,0.7489,0.048,0.1031,2.18,1.9,0.49,0.494,5.8,8048.0
RUS,Russia,俄罗斯,2008,17.55,8.0,6.99,1.7,0.5202,0.52,1.06,0.7366,0.1,0.1023,2.19,1.9,0.495,0.497,5.77,8335.0
RUS,Russia,俄罗斯,2009,17.5,7.85,7.0,2.01,0.5207,0.27,1.24,0.724,0.073,0.0973,2.2,1.9,0.5,0.5,5.74,8623.0
RUS,Russia,俄罗斯,2010,17.45,8.03,6.23,1.94,0.5213,0.63,1.35,0.7536,0.126,0.1091,2.21,1.9,0.505,0.503,5.71,8910.0
RUS,Russia,俄罗斯,2011,17.4,9.09,7.01,2.28,0.5218,0.05,0.94,0.7237,0.171,0.1029,2.22,1.9,0.51,0.506,5.68,9198.0
RUS,Russia,俄罗斯,2012,17.35,8.33,6.49,2.75,0.5223,0.2,1.23,0.761,0.025,0.0981,2.23,1.9,0.515,0.509,5.65,9485.0
RUS,Russia,俄罗斯,2013,17.3,9.01,6.76,1.89,0.5228,0.47,1.07,0.7614,0.139,0.1094,2.24,1.9,0.52,0.512,5.62,9772.0
RUS,Russia,俄罗斯,2014,17.25,8.56,7.12,1.83,0.5234,-0.11,1.01,0.7689,-0.022,0.1005,2.25,1.9,0.525,0.515,5.59,10060.0
RUS,Russia,俄罗斯,2015,17.2,9.07,6.68,2.68,0.5239,0.34,1.47,0.7619,0.398,0.11,2.26,1.9,0.53,0.518,5.56,10347.0
RUS,Russia,俄罗斯,2016,17.15,8.45,6.46,2.04,0.5244,0.38,1.04,0.7784,0.226,0.1111,2.27,1.9,0.535,0.521,5.53,10635.0
RUS,Russia,俄罗斯,2017,17.1,8.56,7.11,2.03,0.5249,0.32,1.18,0.7195,0.262,0.1073,2.28,1.9,0.54,0.524,5.5,10922.0
RUS,Russia,俄罗斯,2018,17.05,7.62,6.98,2.37,0.5255,0.4,1.16,0.7142,0.183,0.1083,2.29,1.9,0.545,0.527,5.47,11210.0
RUS,Russia,俄罗斯,2019,17.0,8.86,6.82,2.43,0.526,0.42,1.26,0.6989,0.253,0.1078,2.3,1.9,0.55,0.53,5.44,11497.0
RUS,Russia,俄罗斯,2020,21.95,10.63,7.41,1.94,0.516,-2.82,-0.73,0.7124,0.128,0.1131,2.31,1.9,0.555,0.533,5.41,11372.0
RUS,Russia,俄罗斯,2021,14.9,7.89,7.41,2.51,0.5271,0.14,2.15,0.7125,0.257,0.1084,2.32,1.9,0.56,0.536,5.38,12072.0
RUS,Russia,俄罗斯,2022,16.85,8.94,7.35,1.98,0.5276,0.34,0.87,0.6875,0.288,0.1199,2.33,1.9,0.565,0.539,5.35,12359.0
RUS,Russia,俄罗斯,2023,16.8,7.97,6.22,1.57,0.5281,0.24,1.12,0.6463,0.424,0.1109,2.34,1.9,0.57,0.542,5.32,12647.0
SAU,Saudi Arabia,沙特,2000,14.05,7.1,4.53,1.72,0.7355,0.39,1.27,0.6951,0.265,0.0386,2.29,3.0,0.385,0.268,6.22,12148.0
SAU,Saudi Arabia,沙特,2001,14.1,6.18,5.0,1.31,0.7379,0.36,0.89,0.7267,0.076,0.0372,2.28,2.99,0.39,0.276,6.23,12727.0
SAU,Saudi Arabia,沙特,2002,14.15,7.05,5.17,2.25,0.7402,0.67,0.62,0.7189,0.251,0.0402,2.27,2.98,0.395,0.284,6.24,13305.0
SAU,Saudi Arabia,沙特,2003,14.2,6.66,4.52,1.59,0.7426,0.61,1.09,0.6997,0.227,0.0369,2.26,2.98,0.4,0.292,6.26,13884.0
SAU,Saudi Arabia,沙特,2004,14.25,6.66,5.58,1.8,0.7449,0.62,1.04,0.6744,0.193,0.0469,2.25,2.98,0.405,0.3,6.28,14462.0
SAU,Saudi Arabia,沙特,2005,14.3,6.54,4.55,2.51,0.7472,0.71,0.68,0.7,0.086,0.0446,2.24,2.97,0.41,0.308,6.29,15041.0
SAU,Saudi Arabia,沙特,2006,14.35,6.35,4.73,1.42,0.7496,0.58,1.24,0.7093,0.289,0.0462,2.23,2.96,0.415,0.316,6.3,15620.0
SAU,Saudi Arabia,沙特,2007,14.4,7.65,5.29,2.26,0.7519,0.75,1.03,0.7054,0.123,0.0346,2.22,2.96,0.42,0.324,6.32,16198.0
SAU,Saudi Arabia,沙特,2008,14.45,7.21,5.39,2.63,0.7543,0.44,0.97,0.6769,0.22,0.0565,2.21,2.96,0.425,0.332,6.34,16776.0
SAU,Saudi Arabia,沙特,2009,14.5,6.82,4.1,3.07,0.7566,0.66,0.93,0.709,0.176,0.051,2.2,2.95,0.43,0.34,6.35,17355.0
SAU,Saudi Arabia,沙特,2010,14.55,7.15,5.1,1.98,0.7589,0.23,1.08,0.697,0.241,0.0474,2.19,2.94,0.435,0.348,6.36,17934.0
SAU,Saudi Arabia,沙特,2011,14.6,7.65,5.08,3.58,0.7613,0.55,0.96,0.6881,0.131,0.0534,2.18,2.94,0.44,0.356,6.38,18512.0
SAU,Saudi Arabia,沙特,2012,14.65,7.4,4.86,2.64,0.7636,0.39,0.88,0.6965,0.451,0.0313,2.17,2.94,0.445,0.364,6.4,19090.0
SAU,Saudi Arabia,沙特,2013,14.7,6.6,5.13,1.68,0.766,0.59,1.1,0.6667,0.344,0.0476,2.16,2.93,0.45,0.372,6.41,19669.0
SAU,Saudi Arabia,沙特,2014,14.75,7.5,5.05,1.61,0.7683,0.38,0.95,0.6665,0.175,0.0676,2.15,2.92,0.455,0.38,6.42,20248.0
SAU,Saudi Arabia,沙特,2015,14.8,6.74,4.97,2.34,0.7706,0.53,1.02,0.6756,0.272,0.0505,2.14,2.92,0.46,0.388,6.44,20826.0
SAU,Saudi Arabia,沙特,2016,14.85,8.46,4.85,1.61,0.773,0.29,1.15,0.6391,0.231,0.0351,2.13,2.92,0.465,0.396,6.46,21404.0
SAU,Saudi Arabia,沙特,2017,14.9,8.3,5.17,2.16,0.7753,0.23,0.88,0.6631,0.388,0.0403,2.12,2.91,0.47,0.404,6.47,21983.0
SAU,Saudi Arabia,沙特,2018,14.95,8.73,4.02,1.62,0.7777,0.23,0.8,0.6643,0.031,0.0434,2.11,2.9,0.475,0.412,6.48,22562.0
SAU,Saudi Arabia,沙特,2019,15.0,7.59,4.74,2.08,0.78,0.49,0.9,0.6311,0.419,0.0509,2.1,2.9,0.48,0.42,6.5,23140.0
SAU,Saudi Arabia,沙特,2020,20.05,9.35,5.21,1.96,0.7667,-2.53,-0.96,0.6577,0.322,0.0525,2.09,2.9,0.485,0.428,6.52,22888.0
SAU,Saudi Arabia,沙特,2021,13.1,6.82,4.98,1.48,0.7847,0.25,1.72,0.647,0.516,0.0566,2.08,2.89,0.49,0.436,6.53,24297.0
SAU,Saudi Arabia,沙特,2022,15.15,7.59,4.97,2.13,0.787,0.41,0.85,0.6318,0.491,0.0628,2.07,2.88,0.495,0.444,6.54,24876.0
SAU,Saudi Arabia,沙特,2023,15.2,8.63,4.76,2.66,0.7894,0.34,1.2,0.6518,0.22,0.0523,2.06,2.88,0.5,0.452,6.56,25454.0
TUR,Türkiye,土耳其,2000,19.05,8.75,7.84,2.81,0.5539,0.97,3.42,0.7933,0.667,0.0692,1.95,3.0,0.463,0.398,6.19,4744.0
TUR,Türkiye,土耳其,2001,19.1,9.49,8.04,3.78,0.5569,0.9,3.05,0.7609,0.542,0.0792,1.96,3.0,0.466,0.406,6.17,4970.0
TUR,Türkiye,土耳其,2002,19.15,9.79,7.65,3.15,0.56,1.23,3.43,0.7594,0.363,0.068,1.96,3.0,0.469,0.414,6.15,5196.0
TUR,Türkiye,土耳其,2003,19.2,9.67,7.64,3.7,0.563,1.12,3.11,0.7686,0.255,0.0762,1.97,3.0,0.472,0.422,6.13,5422.0
TUR,Türkiye,土耳其,2004,19.25,9.97,8.05,2.99,0.5661,0.88,3.29,0.7321,0.374,0.0707,1.98,3.0,0.475,0.43,6.11,5648.0
TUR,Türkiye,土耳其,2005,19.3,9.94,7.29,3.83,0.5692,0.94,3.28,0.7513,0.559,0.0771,1.98,3.0,0.478,0.438,6.09,5873.0
TUR,Türkiye,土耳其,2006,19.35,9.36,7.89,2.37,0.5722,0.81,2.62,0.7434,0.371,0.0744,1.98,3.0,0.481,0.446,6.07,6099.0
TUR,Türkiye,土耳其,2007,19.4,10.18,7.55,2.95,0.5753,1.09,3.17,0.756,0.619,0.0772,1.99,3.0,0.484,0.454,6.05,6325.0
TUR,Türkiye,土耳其,2008,19.45,9.8,8.08,1.61,0.5783,1.04,2.87,0.7674,0.51,0.0858,2.0,3.0,0.487,0.462,6.03,6551.0
TUR,Türkiye,土耳其,2009,19.5,9.92,7.1,2.33,0.5814,1.01,3.06,0.7302,0.195,0.0853,2.0,3.0,0.49,0.47,6.01,6777.0
TUR,Türkiye,土耳其,2010,19.55,9.68,8.03,3.41,0.5845,0.74,2.98,0.7495,0.353,0.0864,2.0,3.0,0.493,0.478,5.99,7003.0
TUR,Türkiye,土耳其,2011,19.6,10.33,7.73,3.14,0.5875,0.65,2.99,0.7522,0.433,0.0851,2.01,3.0,0.496,0.486,5.97,7229.0
TUR,Türkiye,土耳其,2012,19.65,9.84,7.14,2.49,0.5906,0.99,2.93,0.6848,0.52,0.0862,2.01,3.0,0.499,0.494,5.95,7455.0
TUR,Türkiye,土耳其,2013,19.7,9.43,6.9,2.5,0.5936,0.82,3.1,0.7278,0.655,0.0841,2.02,3.0,0.502,0.502,5.93,7681.0
TUR,Türkiye,土耳其,2014,19.75,8.94,7.1,2.02,0.5967,0.73,2.9,0.7002,0.37,0.0925,2.02,3.0,0.505,0.51,5.91,7906.0
TUR,Türkiye,土耳其,2015,19.8,8.85,7.09,1.43,0.5998,0.5,3.14,0.7053,0.466,0.0738,2.03,3.0,0.508,0.518,5.89,8132.0
TUR,Türkiye,土耳其,2016,19.85,9.38,7.01,3.42,0.6028,0.51,2.91,0.6917,0.59,0.0764,2.03,3.0,0.511,0.526,5.87,8358.0
TUR,Türkiye,土耳其,2017,19.9,9.53,7.46,3.07,0.6059,0.56,3.21,0.7283,0.71,0.0798,2.04,3.0,0.514,0.534,5.85,8584.0
TUR,Türkiye,土耳其,2018,19.95,9.83,7.15,2.66,0.6089,0.93,3.09,0.6664,0.583,0.0958,2.04,3.0,0.517,0.542,5.83,8810.0
TUR,Türkiye,土耳其,2019,20.0,10.1,7.44,2.83,0.612,0.96,2.97,0.7101,0.825,0.0918,2.05,3.0,0.52,0.55,5.81,9036.0
TUR,Türkiye,土耳其,2020,25.05,13.1,7.16,3.31,0.6028,-2.23,1.16,0.6735,0.609,0.0827,2.05,3.0,0.523,0.558,5.79,8938.0
TUR,Türkiye,土耳其,2021,18.1,9.14,7.51,3.05,0.6181,0.89,3.94,0.6607,0.583,0.1036,2.06,3.0,0.526,0.566,5.77,9488.0
TUR,Türkiye,土耳其,2022,20.15,9.93,7.45,3.67,0.6212,0.77,3.03,0.6595,0.621,0.0771,2.06,3.0,0.529,0.574,5.75,9714.0
TUR,Türkiye,土耳其,2023,20.2,10.37,7.12,2.64,0.6242,1.18,3.02,0.6747,0.717,0.0911,2.07,3.0,0.532,0.582,5.73,9940.0
USA,United States,美国,2000,28.95,15.47,2.19,6.41,0.943,0.75,1.39,0.4106,-0.055,0.1704,1.14,1.31,0.812,0.813,8.29,34258.0
USA,United States,美国,2001,28.9,14.89,2.48,5.9,0.946,0.69,1.18,0.3845,-0.105,0.153,1.14,1.31,0.814,0.816,8.28,35890.0
USA,United States,美国,2002,28.85,14.28,2.31,5.75,0.949,0.5,1.22,0.3895,0.301,0.1636,1.14,1.31,0.816,0.819,8.27,37521.0
USA,United States,美国,2003,28.8,13.9,2.27,6.43,0.952,0.94,1.25,0.425,-0.147,0.1704,1.13,1.31,0.818,0.822,8.26,39152.0
USA,United States,美国,2004,28.75,13.29,1.98,6.38,0.955,0.95,1.34,0.386,-0.079,0.1708,1.12,1.31,0.82,0.825,8.25,40784.0
USA,United States,美国,2005,28.7,14.06,1.87,6.03,0.958,0.81,1.45,0.371,0.051,0.1663,1.12,1.31,0.822,0.828,8.24,42415.0
USA,United States,美国,2006,28.65,13.48,1.96,5.12,0.961,0.63,1.4,0.3858,0.064,0.161,1.12,1.31,0.824,0.831,8.23,44046.0
USA,United States,美国,2007,28.6,14.24,2.52,5.38,0.964,1.03,1.38,0.3801,0.224,0.1672,1.11,1.31,0.826,0.834,8.22,45678.0
USA,United States,美国,2008,28.55,14.26,2.49,5.96,0.967,0.65,1.12,0.3927,-0.015,0.1668,1.1,1.31,0.828,0.837,8.21,47309.0
USA,United States,美国,2009,28.5,14.34,2.84,5.48,0.97,0.65,1.3,0.3437,0.019,0.1659,1.1,1.31,0.83,0.84,8.2,48940.0
USA,United States,美国,2010,28.45,14.16,3.08,6.51,0.973,0.71,1.52,0.3528,0.144,0.1898,1.1,1.31,0.832,0.843,8.19,50572.0
USA,United States,美国,2011,28.4,14.14,2.47,6.34,0.976,0.27,1.03,0.3878,0.19,0.1681,1.09,1.31,0.834,0.846,8.18,52203.0
USA,United States,美国,2012,28.35,14.53,2.32,5.83,0.979,0.68,1.2,0.3451,0.321,0.1758,1.08,1.31,0.836,0.849,8.17,53835.0
USA,United States,美国,2013,28.3,14.98,2.48,5.55,0.982,0.48,1.16,0.3414,0.134,0.1561,1.08,1.31,0.838,0.852,8.16,55466.0
USA,United States,美国,2014,28.25,14.74,3.5,5.88,0.985,0.73,1.26,0.375,0.204,0.1673,1.08,1.31,0.84,0.855,8.15,57097.0
USA,United States,美国,2015,28.2,14.81,1.98,5.84,0.988,0.51,1.69,0.3455,0.255,0.1837,1.07,1.31,0.842,0.858,8.14,58729.0
USA,United States,美国,2016,28.15,13.73,3.05,5.62,0.991,0.42,1.47,0.3743,0.124,0.1792,1.06,1.31,0.844,0.861,8.13,60360.0
USA,United States,美国,2017,28.1,13.09,3.1,7.11,0.994,0.55,0.99,0.4211,-0.014,0.1789,1.06,1.31,0.846,0.864,8.12,61991.0
USA,United States,美国,2018,28.05,14.02,2.46,5.85,0.997,0.69,1.1,0.3575,0.409,0.1919,1.06,1.31,0.848,0.867,8.11,63623.0
USA,United States,美国,2019,28.0,13.87,3.29,5.71,1.0,0.63,1.68,0.3372,0.22,0.197,1.05,1.31,0.85,0.87,8.1,65254.0
USA,United States,美国,2020,32.95,16.89,2.86,5.75,0.9829,-2.33,-0.84,0.3953,0.073,0.1932,1.05,1.31,0.852,0.873,8.09,64544.0
USA,United States,美国,2021,25.9,13.31,2.19,5.38,1.006,0.45,2.43,0.3162,0.177,0.204,1.04,1.31,0.854,0.876,8.08,68517.0
USA,United States,美国,2022,27.85,13.96,2.38,5.81,1.009,0.43,1.29,0.3251,0.1,0.1937,1.04,1.31,0.856,0.879,8.07,70148.0
USA,United States,美国,2023,27.8,14.26,2.68,6.06,1.012,0.85,1.09,0.34,0.355,0.1921,1.03,1.31,0.858,0.882,8.06,71779.0
ZAF,South Africa,南非,2000,18.95,9.0,6.73,4.44,0.5242,-0.38,0.12,0.9015,0.164,0.0673,2.2,2.3,0.512,0.535,6.8,3151.0
ZAF,South Africa,南非,2001,18.9,9.33,6.66,5.11,0.5232,-0.29,0.28,0.9574,0.102,0.0639,2.2,2.3,0.514,0.54,6.79,3301.0
ZAF,South Africa,南非,2002,18.85,10.45,6.57,3.59,0.5222,-0.41,0.4,0.9551,0.043,0.071,2.2,2.3,0.516,0.545,6.78,3451.0
ZAF,South Africa,南非,2003,18.8,9.71,6.68,4.23,0.5212,-0.56,0.24,0.9178,0.036,0.0592,2.2,2.3,0.518,0.55,6.77,3601.0
ZAF,South Africa,南非,2004,18.75,9.32,6.46,4.17,0.5202,-0.1,0.13,0.9519,-0.061,0.06,2.2,2.3,0.52,0.555,6.76,3751.0
ZAF,South Africa,南非,2005,18.7,9.86,6.63,5.09,0.5191,-0.37,0.06,0.9006,0.017,0.0735,2.2,2.3,0.522,0.56,6.75,3901.0
ZAF,South Africa,南非,2006,18.65,10.15,5.92,5.0,0.5181,-0.6,0.48,0.9141,0.12,0.075,2.2,2.3,0.524,0.565,6.74,4051.0
ZAF,South Africa,南非,2007,18.6,8.67,7.33,5.35,0.5171,-0.48,0.27,0.9056,0.064,0.0676,2.2,2.3,0.526,0.57,6.73,4201.0
ZAF,South Africa,南非,2008,18.55,8.63,5.66,4.82,0.5161,-0.19,0.26,0.8875,0.002,0.0879,2.2,2.3,0.528,0.575,6.72,4351.0
ZAF,South Africa,南非,2009,18.5,9.37,6.3,4.03,0.5151,-0.16,0.09,0.8786,0.108,0.0747,2.2,2.3,0.53,0.58,6.71,4501.0
ZAF,South Africa,南非,2010,18.45,9.22,6.34,4.79,0.5141,-0.22,0.19,0.8751,0.115,0.075,2.2,2.3,0.532,0.585,6.7,4651.0
ZAF,South Africa,南非,2011,18.4,8.91,6.68,4.15,0.5131,-0.24,0.18,0.9105,0.184,0.0652,2.2,2.3,0.534,0.59,6.69,4801.0
ZAF,South Africa,南非,2012,18.35,8.96,6.32,4.59,0.5121,-0.26,0.44,0.8479,0.198,0.0723,2.2,2.3,0.536,0.595,6.68,4951.0
ZAF,South Africa,南非,2013,18.3,9.47,7.14,3.97,0.5111,-0.28,0.06,0.8594,0.043,0.0819,2.2,2.3,0.538,0.6,6.67,5101.0
ZAF,South Africa,南非,2014,18.25,8.91,6.75,4.04,0.51,-0.14,0.42,0.8583,0.035,0.0826,2.2,2.3,0.54,0.605,6.66,5251.0
ZAF,South Africa,南非,2015,18.2,9.34,6.76,4.48,0.509,-0.18,-0.2,0.8579,0.302,0.085,2.2,2.3,0.542,0.61,6.65,5401.0
ZAF,South Africa,南非,2016,18.15,9.0,6.64,3.69,0.508,-0.45,0.26,0.8825,0.157,0.0841,2.2,2.3,0.544,0.615,6.64,5551.0
ZAF,South Africa,南非,2017,18.1,8.82,6.26,4.8,0.507,-0.25,0.21,0.8682,0.064,0.0684,2.2,2.3,0.546,0.62,6.63,5701.0
ZAF,South Africa,南非,2018,18.05,9.28,6.0,5.36,0.506,-0.48,0.36,0.8093,0.37,0.0742,2.2,2.3,0.548,0.625,6.62,5851.0
ZAF,South Africa,南非,2019,18.0,8.58,6.25,3.99,0.505,-0.26,0.06,0.8588,0.315,0.077,2.2,2.3,0.55,0.63,6.61,6001.0
ZAF,South Africa,南非,2020,22.95,12.39,6.63,4.29,0.4939,-3.27,-1.55,0.894,0.149,0.0754,2.2,2.3,0.552,0.635,6.6,5936.0
ZAF,South Africa,南非,2021,15.9,8.36,5.78,4.05,0.503,-0.47,1.37,0.8411,0.174,0.0688,2.2,2.3,0.554,0.64,6.59,6301.0
ZAF,South Africa,南非,2022,17.85,8.55,6.79,3.35,0.502,-0.32,-0.14,0.8363,0.271,0.0827,2.2,2.3,0.556,0.645,6.58,6451.0
ZAF,South Africa,南非,2023,17.8,9.58,7.07,4.72,0.501,-0.42,0.52,0.8256,0.23,0.0909,2.2,2.3,0.558,0.65,6.57,6601.0
